Symbol  ,Series  ,Date  ,Prev Close  ,Open Price  ,High Price  ,Low Price  ,Last Price  ,Close Price  ,Average Price ,Total Traded Quantity  ,Turnover ₹  ,No. of Trades  ,Deliverable Qty  ,% Dly Qt to Traded Qty  
RELIANCE,EQ,26-Apr-23,"2,376.05","2,379.00","2,386.10","2,354.05","2,361.90","2,362.10","2,363.34","39,77,129","9,39,93,18,934.15","1,59,924","20,98,237",52.76
RELIANCE,EQ,27-Apr-23,"2,362.10","2,375.00","2,384.00","2,364.00","2,381.70","2,377.05","2,373.05","42,30,627","10,03,94,93,207.75","1,51,491","20,32,293",48.04
RELIANCE,EQ,28-Apr-23,"2,377.05","2,382.00","2,423.90","2,381.75","2,419.90","2,420.50","2,409.46","71,83,342","17,30,79,47,047.80","2,26,856","40,54,041",56.44
RELIANCE,EQ,02-May-23,"2,420.50","2,436.20","2,445.80","2,428.10","2,440.20","2,441.05","2,438.83","59,91,101","14,61,12,50,968.30","2,13,010","38,88,221",64.9
RELIANCE,EQ,03-May-23,"2,441.05","2,445.00","2,445.00","2,413.05","2,418.00","2,420.10","2,423.03","32,59,053","7,89,67,75,124.85","1,22,949","18,26,435",56.04
RELIANCE,EQ,04-May-23,"2,420.10","2,421.15","2,452.85","2,414.60","2,445.95","2,448.00","2,438.20","39,85,159","9,71,66,26,291.25","1,48,384","17,41,751",43.71
RELIANCE,EQ,05-May-23,"2,448.00","2,441.00","2,461.35","2,436.00","2,441.00","2,441.75","2,447.86","40,36,548","9,88,09,00,102.30","1,71,662","15,38,067",38.1
RELIANCE,EQ,08-May-23,"2,441.75","2,450.00","2,483.65","2,444.15","2,471.00","2,471.90","2,468.41","42,24,469","10,42,77,25,788.55","1,69,304","24,01,148",56.84
RELIANCE,EQ,09-May-23,"2,471.90","2,475.00","2,486.80","2,463.25","2,476.70","2,479.55","2,476.94","29,83,468","7,38,98,73,116.30","1,67,950","14,71,944",49.34
RELIANCE,EQ,10-May-23,"2,479.55","2,490.00","2,499.85","2,481.20","2,492.00","2,496.60","2,493.65","50,17,544","12,51,20,18,443.70","1,47,588","27,95,603",55.72
RELIANCE,EQ,11-May-23,"2,496.60","2,498.95","2,509.50","2,476.55","2,482.00","2,480.30","2,494.02","48,72,451","12,15,19,66,094.10","1,90,308","20,18,589",41.43
RELIANCE,EQ,12-May-23,"2,480.30","2,469.80","2,487.40","2,456.50","2,481.90","2,484.35","2,473.50","32,09,889","7,93,96,58,229.75","1,16,311","16,62,095",51.78
RELIANCE,EQ,15-May-23,"2,484.35","2,489.90","2,504.55","2,473.15","2,484.75","2,489.25","2,492.24","31,53,587","7,85,94,81,400.85","1,39,761","16,40,574",52.02
RELIANCE,EQ,16-May-23,"2,489.25","2,494.00","2,499.60","2,450.15","2,454.55","2,453.80","2,474.17","40,23,000","9,95,35,70,679.50","2,02,246","21,54,699",53.56
RELIANCE,EQ,17-May-23,"2,453.80","2,463.00","2,465.00","2,429.00","2,442.00","2,439.30","2,444.63","40,60,722","9,92,69,61,637.20","1,55,508","16,02,975",39.48
RELIANCE,EQ,18-May-23,"2,439.30","2,449.55","2,457.00","2,427.15","2,433.00","2,434.05","2,443.67","48,57,531","11,87,02,19,947.45","1,45,659","10,04,981",20.69
RELIANCE,EQ,19-May-23,"2,434.05","2,434.05","2,445.95","2,418.85","2,444.00","2,441.95","2,432.71","37,15,280","9,03,82,04,553.15","1,18,264","13,98,819",37.65
RELIANCE,EQ,22-May-23,"2,441.95","2,435.00","2,466.00","2,432.35","2,454.50","2,455.00","2,455.77","34,31,208","8,42,62,66,009.20","1,22,501","12,02,296",35.04
RELIANCE,EQ,23-May-23,"2,455.00","2,460.65","2,468.00","2,451.45","2,453.00","2,454.55","2,460.13","28,11,473","6,91,65,83,531.40","1,21,065","14,84,525",52.8
RELIANCE,EQ,24-May-23,"2,454.55","2,445.90","2,464.00","2,433.45","2,441.00","2,440.25","2,447.77","37,43,804","9,16,39,84,988.70","1,32,191","18,28,787",48.85
RELIANCE,EQ,25-May-23,"2,440.25","2,433.90","2,449.00","2,416.05","2,444.85","2,439.95","2,430.14","53,01,647","12,88,37,32,875.05","1,36,521","22,32,701",42.11
RELIANCE,EQ,26-May-23,"2,439.95","2,458.00","2,509.00","2,450.75","2,508.80","2,506.50","2,489.54","58,27,017","14,50,66,12,501.75","1,97,182","28,89,346",49.59
RELIANCE,EQ,29-May-23,"2,506.50","2,521.00","2,530.00","2,507.20","2,518.20","2,520.60","2,519.76","46,19,754","11,64,06,58,051.85","1,84,530","25,05,419",54.23
RELIANCE,EQ,30-May-23,"2,520.60","2,520.60","2,537.70","2,514.35","2,520.55","2,519.95","2,524.94","52,34,564","13,21,69,61,279.00","1,73,212","26,45,328",50.54
RELIANCE,EQ,31-May-23,"2,519.95","2,500.00","2,509.85","2,461.00","2,466.95","2,469.90","2,477.34","1,25,10,304","30,99,22,95,693.45","2,89,027","87,30,857",69.79
RELIANCE,EQ,01-Jun-23,"2,469.90","2,480.15","2,484.90","2,458.00","2,467.00","2,463.25","2,472.06","67,34,525","16,64,81,39,919.55","2,16,233","40,83,929",60.64
RELIANCE,EQ,02-Jun-23,"2,463.25","2,471.00","2,482.85","2,451.00","2,455.25","2,455.20","2,459.32","72,91,995","17,93,33,84,336.15","1,60,655","50,68,213",69.5
RELIANCE,EQ,05-Jun-23,"2,455.20","2,467.20","2,483.75","2,458.45","2,479.95","2,477.25","2,470.14","50,34,355","12,43,55,36,493.30","1,61,758","34,13,545",67.81
RELIANCE,EQ,06-Jun-23,"2,477.25","2,483.45","2,487.70","2,462.00","2,483.80","2,479.35","2,473.70","34,58,161","8,55,44,57,378.70","1,67,754","18,30,127",52.92
RELIANCE,EQ,07-Jun-23,"2,479.35","2,487.00","2,500.00","2,472.60","2,498.00","2,498.15","2,487.06","47,59,238","11,83,65,09,766.30","1,87,387","25,01,664",52.56
RELIANCE,EQ,08-Jun-23,"2,498.15","2,506.00","2,516.85","2,491.00","2,505.00","2,499.65","2,504.11","55,70,815","13,94,99,25,583.10","1,76,663","23,55,465",42.28
RELIANCE,EQ,09-Jun-23,"2,499.65","2,507.00","2,508.55","2,478.00","2,482.00","2,481.95","2,493.99","27,12,243","6,76,43,00,003.70","1,54,585","12,59,707",46.45
RELIANCE,EQ,12-Jun-23,"2,481.95","2,475.50","2,489.20","2,465.00","2,488.00","2,484.15","2,479.76","29,49,893","7,31,50,18,537.50","1,55,197","16,74,191",56.75
RELIANCE,EQ,13-Jun-23,"2,484.15","2,495.00","2,523.45","2,486.25","2,517.90","2,520.85","2,509.06","51,90,958","13,02,44,09,119.20","1,79,929","33,92,279",65.35
RELIANCE,EQ,14-Jun-23,"2,520.85","2,521.00","2,555.00","2,517.00","2,546.25","2,551.85","2,541.35","61,27,509","15,57,21,20,760.55","2,55,684","40,43,667",65.99
RELIANCE,EQ,15-Jun-23,"2,551.85","2,551.80","2,562.55","2,535.50","2,550.15","2,552.55","2,551.63","54,51,926","13,91,13,15,989.45","1,93,503","29,60,975",54.31
RELIANCE,EQ,16-Jun-23,"2,552.55","2,560.20","2,582.40","2,560.20","2,575.00","2,577.40","2,574.79","1,11,55,180","28,72,22,02,805.50","2,37,630","80,75,240",72.39
RELIANCE,EQ,19-Jun-23,"2,577.40","2,584.00","2,584.00","2,542.65","2,550.50","2,551.80","2,555.84","31,37,532","8,01,90,25,286.30","1,30,037","16,88,183",53.81
RELIANCE,EQ,20-Jun-23,"2,551.80","2,547.55","2,564.00","2,535.00","2,561.50","2,557.10","2,548.60","31,94,085","8,14,04,54,943.70","1,19,189","21,50,522",67.33
RELIANCE,EQ,21-Jun-23,"2,557.10","2,557.00","2,569.85","2,548.00","2,564.90","2,564.30","2,561.96","32,12,779","8,23,10,21,944.90","1,35,010","19,72,217",61.39
RELIANCE,EQ,22-Jun-23,"2,564.30","2,556.00","2,573.30","2,532.00","2,539.00","2,535.50","2,551.25","35,16,244","8,97,08,24,759.40","1,79,274","18,38,674",52.29
RELIANCE,EQ,23-Jun-23,"2,535.50","2,528.90","2,533.40","2,512.00","2,517.80","2,514.75","2,521.55","30,59,084","7,71,36,44,596.40","1,36,010","15,21,122",49.72
RELIANCE,EQ,26-Jun-23,"2,514.75","2,507.00","2,515.40","2,488.70","2,495.25","2,495.55","2,500.04","58,33,893","14,58,49,60,042.70","1,40,793","46,05,047",78.94
RELIANCE,EQ,27-Jun-23,"2,495.55","2,496.55","2,509.50","2,486.65","2,495.00","2,496.45","2,496.25","44,71,687","11,16,24,30,554.95","1,57,574","33,61,328",75.17
RELIANCE,EQ,28-Jun-23,"2,496.45","2,513.00","2,537.85","2,497.85","2,530.35","2,529.50","2,525.48","52,39,872","13,23,32,13,873.00","1,90,293","31,23,960",59.62
RELIANCE,EQ,30-Jun-23,"2,529.50","2,546.40","2,556.65","2,533.45","2,553.35","2,550.25","2,543.75","51,46,441","13,09,12,51,360.20","2,23,168","33,24,585",64.6
RELIANCE,EQ,03-Jul-23,"2,550.25","2,558.05","2,622.00","2,555.35","2,612.00","2,615.70","2,596.46","56,09,248","14,56,42,07,451.25","2,05,284","28,74,114",51.24
RELIANCE,EQ,04-Jul-23,"2,615.70","2,625.00","2,625.00","2,573.25","2,588.00","2,588.75","2,588.64","37,20,447","9,63,09,11,136.45","1,57,756","19,04,092",51.18
RELIANCE,EQ,05-Jul-23,"2,588.75","2,609.00","2,609.00","2,575.80","2,588.00","2,584.50","2,585.90","47,29,479","12,22,99,54,790.40","1,63,146","32,56,582",68.86
RELIANCE,EQ,06-Jul-23,"2,584.50","2,576.05","2,644.45","2,576.05","2,633.30","2,638.75","2,628.55","88,22,948","23,19,15,25,858.60","2,42,971","46,69,172",52.92
RELIANCE,EQ,07-Jul-23,"2,638.75","2,635.00","2,664.95","2,628.00","2,629.00","2,633.60","2,645.39","61,72,684","16,32,91,64,522.95","2,31,715","33,47,628",54.23
RELIANCE,EQ,10-Jul-23,"2,633.60","2,688.90","2,756.00","2,675.00","2,735.25","2,735.05","2,729.55","1,53,40,262","41,87,19,95,571.75","4,52,960","84,33,744",54.98
RELIANCE,EQ,11-Jul-23,"2,735.05","2,752.90","2,770.00","2,737.60","2,769.00","2,764.70","2,755.34","92,62,001","25,51,99,75,405.90","3,06,208","63,63,890",68.71
RELIANCE,EQ,12-Jul-23,"2,764.70","2,766.30","2,802.00","2,761.65","2,765.00","2,767.75","2,781.60","86,45,662","24,04,87,64,830.55","3,48,082","54,63,716",63.2
RELIANCE,EQ,13-Jul-23,"2,767.75","2,783.90","2,799.00","2,737.25","2,748.00","2,743.00","2,774.19","67,76,172","18,79,83,57,651.30","2,54,196","38,88,690",57.39
RELIANCE,EQ,14-Jul-23,"2,743.00","2,750.00","2,760.90","2,725.10","2,751.00","2,740.70","2,739.02","69,79,790","19,11,78,13,181.40","2,01,319","41,76,465",59.84
RELIANCE,EQ,17-Jul-23,"2,740.70","2,747.00","2,815.05","2,728.00","2,795.20","2,796.70","2,780.30","1,02,54,545","28,51,07,31,060.60","3,86,729","58,21,720",56.77
RELIANCE,EQ,18-Jul-23,"2,796.70","2,817.00","2,837.45","2,793.00","2,822.60","2,820.45","2,814.75","1,19,37,761","33,60,18,45,465.45","3,32,862","74,44,962",62.36
RELIANCE,EQ,19-Jul-23,"2,820.45","2,830.00","2,856.00","2,797.00","2,853.00","2,841.85","2,826.91","1,80,54,869","51,03,95,78,142.75","4,41,824","1,21,00,679",67.02
RELIANCE,EQ,20-Jul-23,"2,841.85","2,580.00","2,630.95","2,580.00","2,623.00","2,619.85","2,614.00","1,93,58,812","50,60,39,56,720.15","4,15,393","1,33,84,709",69.14
RELIANCE,EQ,21-Jul-23,"2,619.85","2,609.00","2,614.90","2,523.60","2,555.00","2,538.75","2,549.83","1,51,24,619","38,56,51,57,004.35","4,57,107","82,24,861",54.38
RELIANCE,EQ,24-Jul-23,"2,538.75","2,481.00","2,514.95","2,469.30","2,488.00","2,487.40","2,491.60","1,18,63,933","29,56,01,18,805.00","4,41,158","78,52,002",66.18
RELIANCE,EQ,25-Jul-23,"2,487.40","2,494.00","2,505.20","2,480.00","2,484.00","2,485.80","2,492.71","60,13,010","14,98,86,81,530.35","2,42,346","41,92,118",69.72
RELIANCE,EQ,26-Jul-23,"2,485.80","2,485.00","2,547.00","2,485.00","2,526.00","2,526.20","2,526.43","64,55,506","16,30,93,70,484.50","2,55,390","32,54,913",50.42
RELIANCE,EQ,27-Jul-23,"2,526.20","2,534.05","2,537.65","2,490.35","2,515.00","2,502.70","2,509.19","86,13,449","21,61,28,19,116.55","2,99,635","60,48,843",70.23
RELIANCE,EQ,28-Jul-23,"2,502.70","2,512.05","2,542.85","2,500.55","2,528.20","2,527.85","2,518.80","1,04,13,926","26,23,06,15,302.10","3,33,806","45,14,438",43.35
RELIANCE,EQ,31-Jul-23,"2,527.85","2,527.85","2,553.90","2,517.95","2,546.00","2,549.25","2,540.69","42,75,587","10,86,29,27,967.25","1,69,076","27,41,873",64.13
RELIANCE,EQ,01-Aug-23,"2,549.25","2,555.00","2,559.00","2,505.30","2,517.70","2,513.20","2,524.85","47,68,316","12,03,92,88,137.45","1,98,132","31,78,513",66.66
RELIANCE,EQ,02-Aug-23,"2,513.20","2,509.20","2,512.00","2,463.60","2,484.05","2,486.35","2,485.51","63,74,107","15,84,29,03,032.05","3,30,411","40,10,715",62.92
RELIANCE,EQ,03-Aug-23,"2,486.35","2,475.30","2,500.90","2,458.05","2,474.50","2,475.90","2,474.27","50,84,175","12,57,96,30,763.10","2,27,047","24,99,801",49.17
RELIANCE,EQ,04-Aug-23,"2,475.90","2,498.80","2,516.00","2,471.60","2,508.00","2,509.55","2,497.26","1,14,42,805","28,57,56,03,699.10","2,92,077","54,97,151",48.04
RELIANCE,EQ,07-Aug-23,"2,509.55","2,521.00","2,528.40","2,505.00","2,523.50","2,523.85","2,518.85","29,91,435","7,53,49,73,865.10","1,44,288","17,30,550",57.85
RELIANCE,EQ,08-Aug-23,"2,523.85","2,528.00","2,534.45","2,499.55","2,503.75","2,508.65","2,514.67","49,22,036","12,37,72,91,186.25","1,99,690","36,12,658",73.4
RELIANCE,EQ,09-Aug-23,"2,508.65","2,504.85","2,529.00","2,481.10","2,522.00","2,525.20","2,499.68","57,43,293","14,35,63,84,371.85","2,69,092","36,31,495",63.23
RELIANCE,EQ,10-Aug-23,"2,525.20","2,524.95","2,550.00","2,508.45","2,536.00","2,536.45","2,533.24","77,35,299","19,59,53,55,860.30","2,57,586","50,62,180",65.44
RELIANCE,EQ,11-Aug-23,"2,536.45","2,532.45","2,558.85","2,512.35","2,542.00","2,547.15","2,535.53","1,10,89,665","28,11,82,25,498.75","2,47,074","47,76,599",43.07
RELIANCE,EQ,14-Aug-23,"2,547.15","2,539.00","2,582.30","2,525.00","2,573.20","2,577.25","2,563.04","47,87,906","12,27,15,88,459.95","2,48,402","26,48,259",55.31
RELIANCE,EQ,16-Aug-23,"2,577.25","2,551.00","2,582.80","2,551.00","2,571.95","2,575.15","2,568.15","51,01,556","13,10,15,45,280.60","1,57,128","31,98,471",62.7
RELIANCE,EQ,17-Aug-23,"2,575.15","2,567.10","2,578.10","2,532.85","2,534.05","2,538.00","2,550.82","68,36,872","17,43,96,52,935.65","3,05,866","42,07,479",61.54
RELIANCE,EQ,18-Aug-23,"2,538.00","2,531.25","2,577.60","2,508.55","2,551.05","2,556.80","2,543.13","93,19,989","23,70,19,83,763.10","2,93,106","36,43,586",39.09
RELIANCE,EQ,21-Aug-23,"2,556.80","2,539.95","2,555.45","2,515.65","2,519.50","2,520.00","2,528.76","46,10,873","11,65,97,93,136.25","1,86,604","24,28,001",52.66
RELIANCE,EQ,22-Aug-23,"2,520.00","2,516.90","2,537.95","2,499.00","2,523.00","2,519.40","2,522.49","38,56,522","9,72,80,35,039.30","2,34,127","19,47,489",50.5
RELIANCE,EQ,23-Aug-23,"2,519.40","2,524.20","2,542.85","2,516.95","2,518.20","2,522.20","2,528.38","47,58,976","12,03,25,00,977.45","1,86,890","19,94,368",41.91
RELIANCE,EQ,24-Aug-23,"2,522.20","2,539.90","2,539.90","2,471.00","2,475.80","2,479.80","2,505.26","70,70,010","17,71,22,28,152.35","2,77,360","35,81,724",50.66
RELIANCE,EQ,25-Aug-23,"2,479.80","2,456.00","2,505.00","2,442.60","2,461.90","2,468.35","2,475.31","1,11,11,200","27,50,36,65,768.50","3,09,987","48,89,628",44.01
RELIANCE,EQ,28-Aug-23,"2,468.35","2,472.00","2,484.00","2,431.10","2,436.95","2,443.75","2,465.38","62,90,413","15,50,82,40,986.20","2,48,985","26,19,323",41.64
RELIANCE,EQ,29-Aug-23,"2,443.75","2,452.05","2,453.45","2,408.15","2,422.00","2,420.35","2,425.23","84,38,322","20,46,48,39,388.10","3,19,838","49,78,720",59
RELIANCE,EQ,30-Aug-23,"2,420.35","2,432.00","2,443.00","2,415.00","2,419.40","2,418.05","2,426.59","60,84,473","14,76,45,44,103.55","2,20,096","35,22,177",57.89
RELIANCE,EQ,31-Aug-23,"2,418.05","2,423.00","2,425.00","2,399.90","2,408.00","2,407.00","2,410.24","1,08,19,300","26,07,70,96,813.90","2,63,614","71,36,660",65.96
RELIANCE,EQ,01-Sep-23,"2,407.00","2,406.55","2,425.65","2,401.65","2,411.40","2,412.65","2,413.40","90,56,421","21,85,67,99,694.25","2,85,753","25,15,754",27.78
RELIANCE,EQ,04-Sep-23,"2,412.65","2,412.65","2,423.65","2,405.30","2,411.05","2,410.70","2,413.56","46,73,813","11,28,05,12,429.60","1,67,154","30,08,596",64.37
RELIANCE,EQ,05-Sep-23,"2,410.70","2,420.00","2,433.95","2,412.45","2,426.00","2,423.60","2,423.22","43,37,938","10,51,17,62,468.35","1,60,296","23,71,462",54.67
RELIANCE,EQ,06-Sep-23,"2,423.60","2,421.10","2,436.15","2,417.25","2,426.35","2,428.70","2,427.46","41,00,185","9,95,30,29,723.50","1,68,907","24,93,776",60.82
RELIANCE,EQ,07-Sep-23,"2,428.70","2,421.70","2,438.25","2,411.00","2,431.00","2,432.00","2,424.86","68,26,286","16,55,27,69,825.75","1,76,371","23,66,188",34.66
RELIANCE,EQ,08-Sep-23,"2,432.00","2,440.00","2,456.00","2,422.95","2,451.00","2,448.20","2,435.83","1,15,54,644","28,14,51,73,638.30","2,03,161","49,39,162",42.75
RELIANCE,EQ,11-Sep-23,"2,448.20","2,452.00","2,476.85","2,452.00","2,473.05","2,474.60","2,468.87","66,35,537","16,38,22,49,910.10","2,16,515","45,78,581",69
RELIANCE,EQ,12-Sep-23,"2,474.60","2,483.00","2,483.00","2,435.95","2,437.00","2,438.85","2,451.73","81,27,833","19,92,72,45,602.50","2,30,277","51,95,321",63.92
RELIANCE,EQ,13-Sep-23,"2,438.85","2,440.00","2,462.65","2,426.25","2,450.10","2,451.05","2,451.78","64,01,669","15,69,54,91,695.65","1,53,034","43,55,322",68.03
RELIANCE,EQ,14-Sep-23,"2,451.05","2,460.00","2,465.80","2,445.00","2,456.00","2,453.30","2,454.20","46,04,818","11,30,11,41,212.65","2,59,706","16,47,002",35.77
RELIANCE,EQ,15-Sep-23,"2,453.30","2,468.00","2,468.00","2,449.50","2,452.50","2,457.85","2,458.32","1,27,34,296","31,30,49,96,690.80","1,72,228","64,08,116",50.32
RELIANCE,EQ,18-Sep-23,"2,457.85","2,440.05","2,451.00","2,432.05","2,434.00","2,436.45","2,442.35","37,58,150","9,17,87,15,239.40","1,35,713","26,12,554",69.52
RELIANCE,EQ,20-Sep-23,"2,436.45","2,423.05","2,427.60","2,355.00","2,380.65","2,382.15","2,377.79","2,85,40,942","67,86,44,89,357.80","3,50,883","2,25,44,832",78.99
RELIANCE,EQ,21-Sep-23,"2,382.15","2,374.95","2,390.10","2,360.00","2,365.00","2,364.80","2,370.70","61,13,091","14,49,22,94,094.80","2,92,445","29,46,892",48.21
RELIANCE,EQ,22-Sep-23,"2,364.80","2,376.00","2,382.45","2,350.00","2,356.50","2,354.95","2,363.47","95,88,393","22,66,18,97,562.05","3,02,933","41,57,657",43.36
RELIANCE,EQ,25-Sep-23,"2,354.95","2,350.40","2,360.70","2,335.10","2,339.50","2,340.45","2,343.52","71,27,442","16,70,32,85,186.15","2,66,745","50,16,282",70.38
RELIANCE,EQ,26-Sep-23,"2,340.45","2,338.55","2,350.20","2,335.60","2,340.00","2,342.50","2,342.35","50,43,891","11,81,45,81,030.50","1,68,749","34,32,787",68.06
RELIANCE,EQ,27-Sep-23,"2,342.50","2,343.50","2,371.80","2,338.50","2,371.00","2,368.90","2,355.73","58,61,389","13,80,78,21,671.35","2,33,089","37,63,425",64.21
RELIANCE,EQ,28-Sep-23,"2,368.90","2,383.00","2,383.00","2,325.00","2,339.00","2,334.10","2,352.03","72,59,173","17,07,38,06,729.35","2,83,992","40,08,145",55.21
RELIANCE,EQ,29-Sep-23,"2,334.10","2,341.80","2,369.10","2,334.10","2,342.05","2,345.00","2,350.92","61,71,007","14,50,75,25,911.60","1,78,898","26,43,270",42.83
RELIANCE,EQ,03-Oct-23,"2,345.00","2,329.95","2,335.60","2,316.00","2,318.40","2,318.15","2,322.04","44,29,528","10,28,55,26,678.70","1,92,207","28,68,867",64.77
RELIANCE,EQ,04-Oct-23,"2,318.15","2,309.00","2,319.00","2,295.10","2,314.10","2,314.15","2,304.24","51,43,193","11,85,11,41,943.50","2,61,511","33,55,575",65.24
RELIANCE,EQ,05-Oct-23,"2,314.15","2,319.25","2,329.40","2,309.00","2,312.90","2,314.10","2,317.43","54,76,841","12,69,21,81,391.50","2,20,239","25,61,741",46.77
RELIANCE,EQ,06-Oct-23,"2,314.10","2,317.05","2,324.80","2,312.05","2,317.65","2,318.00","2,318.80","27,15,513","6,29,67,30,156.55","1,65,579","14,27,644",52.57
RELIANCE,EQ,09-Oct-23,"2,318.00","2,308.10","2,311.95","2,295.00","2,295.15","2,298.25","2,302.95","37,88,439","8,72,45,97,410.05","2,15,473","25,77,507",68.04
RELIANCE,EQ,10-Oct-23,"2,298.25","2,306.55","2,317.90","2,303.75","2,310.30","2,308.40","2,309.03","51,18,016","11,81,76,66,201.85","2,40,623","39,55,663",77.29
RELIANCE,EQ,11-Oct-23,"2,308.40","2,314.45","2,349.70","2,313.00","2,345.75","2,345.05","2,333.86","49,07,059","11,45,23,67,310.50","1,99,005","30,96,183",63.1
RELIANCE,EQ,12-Oct-23,"2,345.05","2,343.85","2,359.35","2,338.15","2,347.35","2,349.40","2,350.76","62,77,225","14,75,62,75,104.15","2,31,306","37,27,893",59.39
RELIANCE,EQ,13-Oct-23,"2,349.40","2,340.00","2,357.50","2,329.15","2,344.95","2,349.30","2,344.56","50,75,158","11,89,89,99,931.90","1,96,532","26,18,430",51.59
RELIANCE,EQ,16-Oct-23,"2,349.30","2,345.00","2,354.55","2,336.00","2,345.80","2,344.05","2,346.59","29,64,518","6,95,65,22,674.05","1,74,031","17,62,828",59.46
RELIANCE,EQ,17-Oct-23,"2,344.05","2,356.00","2,359.70","2,341.30","2,356.20","2,355.25","2,350.51","39,64,090","9,31,76,49,591.75","1,32,520","26,78,581",67.57
RELIANCE,EQ,18-Oct-23,"2,355.25","2,355.25","2,367.00","2,321.00","2,321.40","2,324.00","2,341.91","44,59,160","10,44,29,44,805.70","1,97,131","25,39,983",56.96
RELIANCE,EQ,19-Oct-23,"2,324.00","2,312.00","2,321.80","2,301.00","2,304.65","2,306.15","2,310.08","60,16,278","13,89,81,02,710.85","3,06,999","34,93,259",58.06
RELIANCE,EQ,20-Oct-23,"2,306.15","2,300.00","2,314.70","2,296.30","2,296.60","2,299.10","2,302.59","44,56,656","10,26,18,59,218.60","2,36,801","29,28,079",65.7
RELIANCE,EQ,23-Oct-23,"2,299.10","2,290.00","2,306.25","2,255.25","2,262.90","2,263.20","2,283.24","39,26,981","8,96,62,23,109.05","2,29,519","24,80,829",63.17
RELIANCE,EQ,25-Oct-23,"2,263.20","2,250.05","2,281.20","2,243.00","2,256.00","2,257.95","2,261.49","58,10,344","13,14,00,35,999.60","2,76,253","32,42,064",55.8
RELIANCE,EQ,26-Oct-23,"2,257.95","2,251.00","2,258.00","2,220.30","2,223.00","2,226.50","2,232.86","76,11,267","16,99,49,10,102.90","3,49,499","50,01,208",65.71
RELIANCE,EQ,27-Oct-23,"2,226.50","2,240.00","2,273.50","2,235.95","2,266.15","2,265.80","2,262.35","58,85,542","13,31,51,43,153.75","2,47,495","36,69,399",62.35
RELIANCE,EQ,30-Oct-23,"2,265.80","2,274.00","2,325.00","2,269.95","2,309.00","2,312.50","2,310.35","84,06,652","19,42,22,70,423.05","3,52,375","49,26,931",58.61
RELIANCE,EQ,31-Oct-23,"2,312.50","2,328.00","2,328.00","2,282.90","2,289.00","2,287.90","2,302.76","64,04,219","14,74,73,54,996.70","2,85,198","42,44,985",66.28
RELIANCE,EQ,01-Nov-23,"2,287.90","2,289.15","2,317.50","2,275.20","2,294.70","2,297.40","2,301.86","51,54,595","11,86,51,33,915.60","1,72,384","29,99,329",58.19
RELIANCE,EQ,02-Nov-23,"2,297.40","2,313.95","2,324.30","2,307.95","2,319.00","2,320.20","2,316.45","52,81,052","12,23,32,75,556.75","1,56,658","26,20,521",49.62
RELIANCE,EQ,03-Nov-23,"2,320.20","2,327.20","2,334.95","2,315.75","2,319.00","2,319.70","2,325.94","44,25,078","10,29,24,87,339.95","1,57,991","27,40,838",61.94
RELIANCE,EQ,06-Nov-23,"2,319.70","2,332.30","2,340.00","2,325.60","2,339.00","2,339.00","2,334.20","53,23,652","12,42,64,55,971.70","1,59,387","39,82,611",74.81
RELIANCE,EQ,07-Nov-23,"2,339.00","2,334.05","2,339.10","2,319.55","2,323.10","2,323.80","2,328.29","34,80,102","8,10,26,78,736.35","1,64,587","22,82,754",65.59
RELIANCE,EQ,08-Nov-23,"2,323.80","2,332.00","2,341.00","2,321.75","2,333.75","2,335.90","2,335.80","39,42,247","9,20,82,87,625.15","1,50,160","28,30,151",71.79
RELIANCE,BL,09-Nov-23,"2,841.85","2,335.90","2,335.90","2,335.90","2,335.90","2,335.90","2,335.90","3,47,411","81,15,17,354.90",1,-,-
RELIANCE,EQ,09-Nov-23,"2,335.90","2,335.85","2,335.90","2,304.20","2,311.45","2,310.55","2,316.51","72,56,805","16,81,04,55,976.65","2,64,597","31,35,122",43.2
RELIANCE,EQ,10-Nov-23,"2,310.55","2,305.55","2,316.35","2,298.05","2,315.90","2,314.90","2,308.66","38,67,477","8,92,86,95,452.35","1,44,846","22,72,363",58.76
RELIANCE,EQ,12-Nov-23,"2,314.90","2,326.05","2,332.00","2,322.50","2,330.90","2,330.65","2,328.71","7,09,922","1,65,32,02,914.45","54,331","4,64,151",65.38
RELIANCE,EQ,13-Nov-23,"2,330.65","2,322.90","2,324.60","2,311.70","2,315.10","2,314.60","2,316.15","19,27,405","4,46,41,62,629.45","1,01,023","12,87,215",66.78
RELIANCE,EQ,15-Nov-23,"2,314.60","2,340.00","2,361.95","2,327.00","2,356.10","2,356.45","2,346.76","61,10,324","14,33,94,87,044.50","1,88,402","44,22,539",72.38
RELIANCE,EQ,16-Nov-23,"2,356.45","2,351.10","2,374.15","2,346.95","2,358.00","2,360.70","2,363.74","65,67,455","15,52,37,61,404.10","1,79,828","33,45,345",50.94
RELIANCE,EQ,17-Nov-23,"2,360.70","2,352.90","2,373.25","2,352.05","2,354.85","2,355.55","2,363.50","38,79,317","9,16,87,51,612.00","1,40,454","22,77,019",58.7
RELIANCE,EQ,20-Nov-23,"2,355.55","2,348.55","2,358.40","2,336.40","2,349.00","2,349.35","2,346.96","22,45,093","5,26,91,53,540.00","1,17,438","13,88,002",61.82
RELIANCE,EQ,21-Nov-23,"2,349.35","2,366.00","2,388.00","2,360.20","2,377.00","2,378.90","2,377.09","41,07,225","9,76,32,57,904.05","1,63,809","26,33,039",64.11
RELIANCE,EQ,22-Nov-23,"2,378.90","2,375.00","2,394.45","2,372.20","2,387.00","2,388.20","2,385.76","42,67,407","10,18,10,03,165.90","1,77,755","27,62,388",64.73
RELIANCE,EQ,23-Nov-23,"2,388.20","2,388.20","2,400.00","2,388.20","2,393.90","2,395.50","2,395.76","42,65,771","10,21,97,70,255.80","1,51,936","23,70,901",55.58
RELIANCE,EQ,24-Nov-23,"2,395.50","2,391.60","2,402.60","2,391.05","2,394.25","2,393.90","2,397.29","33,74,743","8,09,02,26,237.15","1,82,231","20,09,729",59.55
RELIANCE,BL,28-Nov-23,"2,335.90","2,393.90","2,393.90","2,393.90","2,393.90","2,393.90","2,393.90","5,01,376","1,20,02,44,006.40",1,-,-
RELIANCE,EQ,28-Nov-23,"2,393.90","2,393.90","2,399.70","2,375.25","2,395.15","2,394.40","2,383.04","68,96,087","16,43,36,74,720.45","2,21,537","48,84,834",70.83
RELIANCE,EQ,29-Nov-23,"2,394.40","2,408.00","2,411.95","2,398.05","2,400.00","2,400.70","2,406.54","62,65,653","15,07,85,54,701.80","1,61,091","49,89,032",79.63
RELIANCE,EQ,30-Nov-23,"2,400.70","2,394.70","2,400.70","2,369.90","2,379.00","2,377.45","2,382.58","1,42,19,992","33,88,02,61,609.25","3,68,003","1,13,70,920",79.96
RELIANCE,EQ,01-Dec-23,"2,377.45","2,378.00","2,396.40","2,377.60","2,393.00","2,394.30","2,389.47","71,71,421","17,13,59,06,079.40","2,18,016","48,01,676",66.96
RELIANCE,EQ,04-Dec-23,"2,394.30","2,450.00","2,450.00","2,398.60","2,421.00","2,420.20","2,417.16","77,95,495","18,84,29,40,784.80","2,49,010","48,55,968",62.29
RELIANCE,EQ,05-Dec-23,"2,420.20","2,439.00","2,440.85","2,421.65","2,437.15","2,437.75","2,435.32","63,46,812","15,45,64,91,179.15","2,70,813","46,43,536",73.16
RELIANCE,EQ,06-Dec-23,"2,437.75","2,447.10","2,472.95","2,435.00","2,462.00","2,461.10","2,459.66","82,11,221","20,19,68,20,469.50","2,03,350","60,75,935",74
RELIANCE,EQ,07-Dec-23,"2,461.10","2,460.00","2,460.95","2,442.00","2,456.15","2,457.05","2,453.62","40,71,048","9,98,87,95,871.30","1,69,328","23,50,086",57.73
RELIANCE,EQ,08-Dec-23,"2,457.05","2,463.85","2,476.70","2,445.00","2,451.00","2,455.75","2,457.48","51,02,447","12,53,91,53,828.90","1,93,898","25,81,396",50.59
RELIANCE,EQ,11-Dec-23,"2,455.75","2,456.00","2,467.60","2,452.40","2,460.90","2,459.35","2,459.80","35,33,069","8,69,06,54,768.25","1,48,258","26,51,027",75.03
RELIANCE,EQ,12-Dec-23,"2,459.35","2,460.00","2,464.95","2,420.15","2,424.00","2,424.05","2,442.73","45,98,562","11,23,30,58,046.60","1,64,611","32,26,060",70.15
RELIANCE,EQ,13-Dec-23,"2,424.05","2,422.00","2,438.35","2,406.30","2,432.05","2,433.95","2,422.37","50,15,591","12,14,96,35,536.75","2,03,903","31,56,741",62.94
RELIANCE,EQ,14-Dec-23,"2,433.95","2,454.00","2,474.95","2,442.65","2,463.55","2,464.15","2,464.76","84,86,177","20,91,64,13,095.30","3,08,013","58,07,295",68.43
RELIANCE,EQ,15-Dec-23,"2,464.15","2,478.00","2,500.00","2,470.05","2,492.00","2,495.60","2,487.92","79,66,076","19,81,89,94,725.95","2,19,982","50,16,104",62.97
RELIANCE,EQ,18-Dec-23,"2,495.60","2,495.60","2,534.90","2,490.95","2,520.00","2,521.00","2,521.89","70,82,594","17,86,15,36,572.75","2,53,336","48,55,424",68.55
RELIANCE,EQ,19-Dec-23,"2,521.00","2,555.00","2,573.90","2,525.20","2,556.50","2,558.10","2,553.63","84,10,302","21,47,67,99,671.65","3,31,728","55,18,449",65.62
RELIANCE,EQ,20-Dec-23,"2,558.10","2,571.05","2,598.85","2,520.00","2,529.40","2,527.15","2,563.63","88,68,361","22,73,51,94,766.35","3,72,595","53,42,862",60.25
RELIANCE,EQ,21-Dec-23,"2,527.15","2,527.00","2,573.50","2,518.25","2,561.00","2,562.55","2,551.74","68,82,727","17,56,29,46,483.40","2,35,158","34,79,632",50.56
RELIANCE,EQ,22-Dec-23,"2,562.55","2,559.60","2,580.90","2,547.65","2,561.00","2,565.05","2,559.79","82,70,892","21,17,17,13,990.35","2,74,088","47,33,005",57.22
RELIANCE,EQ,26-Dec-23,"2,565.05","2,568.00","2,591.95","2,562.70","2,579.00","2,578.05","2,579.88","37,32,832","9,63,02,62,624.25","1,88,513","23,54,231",63.07
RELIANCE,EQ,27-Dec-23,"2,578.05","2,582.00","2,599.90","2,573.10","2,583.35","2,586.85","2,586.56","46,02,078","11,90,35,47,787.85","1,91,497","28,50,871",61.95
RELIANCE,EQ,28-Dec-23,"2,586.85","2,589.80","2,612.00","2,586.85","2,605.00","2,605.55","2,602.58","61,51,318","16,00,92,95,262.65","2,28,625","40,61,975",66.03
RELIANCE,EQ,29-Dec-23,"2,605.55","2,611.10","2,614.00","2,579.30","2,587.00","2,584.95","2,589.61","54,32,292","14,06,74,90,670.90","2,48,419","34,15,339",62.87
RELIANCE,EQ,01-Jan-24,"2,584.95","2,580.55","2,606.85","2,573.15","2,588.45","2,590.25","2,588.14","20,15,270","5,21,58,08,110.05","1,15,559","8,77,801",43.56
RELIANCE,EQ,02-Jan-24,"2,590.25","2,585.00","2,615.00","2,573.00","2,609.00","2,611.70","2,596.75","37,24,400","9,67,13,31,567.50","1,75,872","20,59,678",55.3
RELIANCE,EQ,03-Jan-24,"2,611.70","2,610.00","2,634.00","2,577.20","2,580.75","2,583.30","2,606.46","45,18,768","11,77,80,06,447.25","1,98,303","27,06,158",59.89
RELIANCE,EQ,04-Jan-24,"2,583.30","2,588.00","2,609.85","2,579.10","2,600.00","2,596.65","2,597.37","48,06,389","12,48,39,71,502.55","2,67,185","30,03,090",62.48
RELIANCE,EQ,05-Jan-24,"2,596.65","2,602.90","2,619.85","2,598.00","2,609.00","2,607.70","2,606.82","40,43,203","10,53,98,86,698.05","2,11,413","22,80,572",56.41
RELIANCE,EQ,08-Jan-24,"2,607.70","2,610.00","2,631.95","2,568.95","2,586.00","2,587.35","2,600.55","38,67,326","10,05,71,68,474.15","1,71,169","22,08,577",57.11
RELIANCE,EQ,09-Jan-24,"2,587.35","2,600.00","2,606.80","2,577.20","2,580.50","2,580.50","2,592.44","27,01,537","7,00,35,71,441.95","1,30,706","16,58,627",61.4
RELIANCE,EQ,10-Jan-24,"2,580.50","2,577.00","2,659.00","2,575.05","2,655.00","2,650.10","2,616.79","55,51,370","14,52,67,42,701.55","1,79,441","33,39,874",60.16
RELIANCE,EQ,11-Jan-24,"2,650.10","2,659.00","2,725.00","2,657.00","2,716.00","2,719.80","2,695.73","1,18,62,926","31,97,92,89,599.90","5,81,952","79,93,082",67.38
RELIANCE,EQ,12-Jan-24,"2,719.80","2,719.80","2,746.65","2,691.50","2,740.50","2,741.45","2,729.49","75,06,082","20,48,77,45,085.40","4,34,055","45,97,780",61.25
RELIANCE,EQ,15-Jan-24,"2,741.45","2,750.00","2,792.90","2,732.00","2,786.00","2,788.25","2,768.73","43,05,297","11,92,02,19,926.15","2,37,252","25,44,119",59.09
RELIANCE,EQ,16-Jan-24,"2,788.25","2,779.95","2,792.60","2,741.00","2,746.80","2,749.25","2,770.68","45,34,512","12,56,36,73,259.40","2,35,619","27,48,547",60.61
RELIANCE,EQ,17-Jan-24,"2,749.25","2,719.00","2,772.55","2,710.05","2,723.50","2,723.15","2,738.75","60,98,691","16,70,27,84,157.50","3,12,203","38,90,087",63.79
RELIANCE,EQ,18-Jan-24,"2,723.15","2,702.80","2,742.00","2,702.50","2,734.75","2,735.90","2,724.93","51,39,719","14,00,53,71,079.55","2,53,448","30,23,891",58.83
RELIANCE,EQ,19-Jan-24,"2,735.90","2,752.00","2,752.00","2,718.00","2,736.45","2,734.90","2,732.29","52,11,352","14,23,89,41,782.60","2,75,902","29,77,206",57.13
RELIANCE,EQ,20-Jan-24,"2,734.90","2,730.00","2,766.95","2,700.00","2,716.00","2,713.30","2,734.20","36,41,697","9,95,71,10,928.55","1,28,579","13,48,080",37.02
RELIANCE,EQ,23-Jan-24,"2,713.30","2,743.50","2,743.50","2,645.10","2,656.75","2,657.15","2,674.90","1,00,27,710","26,82,30,81,585.30","3,37,484","75,88,796",75.68
RELIANCE,EQ,24-Jan-24,"2,657.15","2,670.45","2,699.00","2,647.85","2,694.90","2,687.75","2,664.32","1,09,59,564","29,19,98,12,068.10","2,53,093","84,88,857",77.46
RELIANCE,EQ,25-Jan-24,"2,687.75","2,685.90","2,728.30","2,670.40","2,711.00","2,706.15","2,697.07","59,04,436","15,92,46,81,035.80","1,99,408","33,49,043",56.72
RELIANCE,EQ,29-Jan-24,"2,706.15","2,729.00","2,905.00","2,720.35","2,890.10","2,896.10","2,842.26","1,19,46,719","33,95,56,52,629.40","4,64,414","55,23,879",46.24
RELIANCE,EQ,30-Jan-24,"2,896.10","2,919.90","2,919.95","2,808.85","2,818.25","2,815.25","2,854.34","70,46,989","20,11,45,36,190.80","3,14,728","36,88,941",52.35
RELIANCE,EQ,31-Jan-24,"2,815.25","2,808.00","2,868.50","2,805.00","2,850.00","2,853.25","2,847.99","75,65,113","21,54,54,02,809.00","3,43,623","46,39,003",61.32
RELIANCE,EQ,01-Feb-24,"2,853.25","2,870.00","2,886.70","2,836.10","2,851.50","2,853.30","2,857.88","66,74,681","19,07,54,09,129.85","2,59,110","34,09,296",51.08
RELIANCE,EQ,02-Feb-24,"2,853.30","2,866.35","2,949.80","2,866.35","2,913.00","2,915.40","2,913.44","98,26,294","28,62,83,19,858.85","4,20,949","45,52,813",46.33
RELIANCE,EQ,05-Feb-24,"2,915.40","2,921.50","2,941.00","2,863.05","2,879.45","2,878.05","2,907.30","44,07,216","12,81,31,04,310.25","1,97,343","22,69,459",51.49
RELIANCE,EQ,06-Feb-24,"2,878.05","2,883.70","2,883.70","2,839.65","2,854.75","2,855.60","2,859.49","45,23,992","12,93,63,28,247.70","2,40,512","27,53,486",60.86
RELIANCE,EQ,07-Feb-24,"2,855.60","2,871.85","2,899.00","2,858.50","2,885.00","2,884.30","2,876.04","46,48,284","13,36,86,50,630.75","2,28,951","25,82,820",55.57
RELIANCE,EQ,08-Feb-24,"2,884.30","2,900.00","2,918.95","2,855.05","2,916.00","2,900.25","2,882.90","73,47,317","21,18,16,03,384.90","3,20,055","33,35,852",45.4
RELIANCE,EQ,09-Feb-24,"2,900.25","2,908.00","2,943.95","2,901.90","2,917.30","2,921.50","2,924.38","62,78,399","18,36,04,29,342.90","2,48,252","31,87,415",50.77
RELIANCE,EQ,12-Feb-24,"2,921.50","2,921.50","2,922.00","2,884.70","2,904.00","2,904.70","2,900.64","33,37,215","9,68,00,50,427.50","1,70,350","18,94,566",56.77
RELIANCE,EQ,13-Feb-24,"2,904.70","2,911.00","2,958.00","2,908.00","2,926.20","2,930.20","2,934.72","38,57,797","11,32,15,54,002.65","1,78,755","18,92,852",49.07
RELIANCE,EQ,14-Feb-24,"2,930.20","2,915.00","2,967.30","2,915.00","2,963.60","2,962.75","2,943.59","35,58,944","10,47,60,84,977.75","2,00,869","19,53,682",54.89
RELIANCE,EQ,15-Feb-24,"2,962.75","2,966.70","2,969.45","2,933.05","2,944.50","2,941.20","2,946.03","50,03,391","14,74,01,28,065.85","2,36,768","22,41,593",44.8
RELIANCE,EQ,16-Feb-24,"2,941.20","2,952.95","2,954.00","2,917.10","2,925.00","2,921.15","2,932.13","48,83,749","14,31,97,75,078.35","1,70,212","30,86,745",63.2
RELIANCE,EQ,19-Feb-24,"2,921.15","2,924.10","2,959.00","2,907.05","2,940.00","2,948.00","2,934.52","33,64,914","9,87,43,95,305.15","1,43,935","18,75,370",55.73
RELIANCE,EQ,20-Feb-24,"2,948.00","2,950.05","2,951.00","2,923.60","2,941.45","2,942.05","2,937.06","35,58,748","10,45,22,64,180.75","1,72,812","22,72,438",63.85
RELIANCE,EQ,21-Feb-24,"2,942.05","2,948.00","2,977.05","2,915.10","2,932.05","2,935.40","2,949.30","63,60,146","18,75,79,66,311.65","2,89,896","42,35,202",66.59
RELIANCE,EQ,22-Feb-24,"2,935.40","2,936.30","2,969.90","2,916.00","2,962.20","2,963.50","2,944.65","92,46,864","27,22,87,62,576.20","2,73,105","49,81,085",53.87
RELIANCE,EQ,23-Feb-24,"2,963.50","2,979.00","2,995.10","2,966.70","2,986.55","2,987.25","2,982.96","72,19,292","21,53,48,40,027.25","2,55,210","42,63,991",59.06
RELIANCE,EQ,26-Feb-24,"2,987.25","2,987.10","2,989.05","2,965.00","2,975.10","2,974.65","2,974.31","37,56,553","11,17,31,63,735.60","1,41,799","27,28,420",72.63
RELIANCE,EQ,27-Feb-24,"2,974.65","2,966.05","2,999.90","2,956.10","2,971.00","2,971.30","2,974.38","54,13,022","16,10,04,08,443.55","1,97,414","38,45,450",71.04
RELIANCE,EQ,28-Feb-24,"2,971.30","2,966.00","2,982.55","2,900.35","2,915.00","2,911.25","2,931.01","43,23,975","12,67,36,07,274.50","2,16,192","24,49,550",56.65
RELIANCE,EQ,29-Feb-24,"2,911.25","2,930.00","2,957.95","2,909.05","2,930.75","2,921.60","2,927.13","1,18,14,488","34,58,24,93,286.65","2,98,691","78,42,843",66.38
RELIANCE,EQ,01-Mar-24,"2,921.60","2,927.00","3,000.00","2,925.00","2,977.00","2,984.25","2,966.96","60,66,463","17,99,89,57,520.55","2,72,154","32,34,333",53.31
RELIANCE,EQ,02-Mar-24,"2,984.25","2,984.00","3,000.90","2,976.00","2,980.95","2,982.15","2,989.65","3,58,150","1,07,07,43,614.70","18,856","1,59,244",44.46
RELIANCE,EQ,04-Mar-24,"2,982.15","2,980.95","3,024.90","2,974.45","3,010.00","3,014.80","3,003.93","50,12,210","15,05,63,20,911.10","2,40,680","28,91,870",57.7
RELIANCE,EQ,05-Mar-24,"3,014.80","3,011.55","3,014.80","2,972.10","2,996.00","3,000.40","2,992.50","35,53,834","10,63,48,36,947.90","2,13,477","22,15,644",62.35
RELIANCE,EQ,06-Mar-24,"3,000.40","2,986.90","3,018.00","2,957.00","3,002.85","3,006.00","2,991.36","39,02,838","11,67,47,86,490.95","2,05,634","19,85,212",50.87
RELIANCE,EQ,07-Mar-24,"3,006.00","3,005.95","3,006.20","2,951.10","2,957.00","2,957.85","2,973.36","41,57,863","12,36,28,39,422.10","1,95,070","22,19,130",53.37
RELIANCE,EQ,11-Mar-24,"2,957.85","2,978.00","2,978.00","2,927.00","2,928.00","2,933.20","2,950.20","56,38,565","16,63,48,94,693.10","2,55,615","39,99,900",70.94
RELIANCE,EQ,12-Mar-24,"2,933.20","2,933.20","2,976.00","2,930.05","2,953.50","2,950.85","2,956.49","47,16,339","13,94,38,14,809.40","1,78,946","28,76,783",61
RELIANCE,EQ,13-Mar-24,"2,950.85","2,959.55","2,966.20","2,855.55","2,873.20","2,864.35","2,889.98","67,61,067","19,53,93,20,816.80","2,55,973","44,93,232",66.46
RELIANCE,EQ,14-Mar-24,"2,864.35","2,879.40","2,897.05","2,851.00","2,870.00","2,862.95","2,871.07","92,85,551","26,65,94,95,810.00","3,43,017","51,05,534",54.98
RELIANCE,EQ,15-Mar-24,"2,862.95","2,851.90","2,866.45","2,825.80","2,838.00","2,836.45","2,839.66","96,11,909","27,29,45,38,070.95","2,49,827","64,60,151",67.21
RELIANCE,EQ,18-Mar-24,"2,836.45","2,840.00","2,883.45","2,833.05","2,874.00","2,878.95","2,858.10","45,84,696","13,10,35,38,361.45","2,28,224","28,79,547",62.81
RELIANCE,EQ,19-Mar-24,"2,878.95","2,857.50","2,875.20","2,834.50","2,849.15","2,850.50","2,848.79","41,37,882","11,78,79,73,196.45","1,96,658","27,11,695",65.53
RELIANCE,EQ,20-Mar-24,"2,850.50","2,855.90","2,890.00","2,848.05","2,886.25","2,887.50","2,874.53","42,44,403","12,20,06,51,007.80","2,08,132","27,34,110",64.42
RELIANCE,EQ,21-Mar-24,"2,887.50","2,905.05","2,915.80","2,889.35","2,900.05","2,901.95","2,903.52","65,03,468","18,88,29,74,161.40","2,44,846","30,99,861",47.66
RELIANCE,EQ,22-Mar-24,"2,901.95","2,899.95","2,920.00","2,894.70","2,906.55","2,910.05","2,909.59","97,63,804","28,40,86,77,998.20","2,86,746","59,30,597",60.74
RELIANCE,EQ,26-Mar-24,"2,910.05","2,890.00","2,904.80","2,878.00","2,886.70","2,883.15","2,887.28","57,07,953","16,48,04,30,505.15","1,74,805","38,26,158",67.03
RELIANCE,EQ,27-Mar-24,"2,883.15","2,896.00","3,000.00","2,894.00","2,983.75","2,985.70","2,972.19","81,63,322","24,26,29,83,466.45","2,99,800","43,60,696",53.42
RELIANCE,EQ,28-Mar-24,"2,985.70","2,985.75","3,011.90","2,957.30","2,970.30","2,971.70","2,988.81","1,09,27,182","32,65,92,43,942.20","2,89,271","53,03,114",48.53
RELIANCE,EQ,01-Apr-24,"2,971.70","2,984.95","2,987.95","2,965.00","2,974.80","2,969.55","2,973.78","25,06,940","7,45,50,79,986.05","1,28,873","16,19,370",64.6
RELIANCE,EQ,02-Apr-24,"2,969.55","2,968.00","2,988.00","2,950.00","2,977.00","2,973.90","2,964.64","44,55,083","13,20,77,26,108.30","1,44,866","28,67,632",64.37
RELIANCE,EQ,03-Apr-24,"2,973.90","2,964.15","2,968.90","2,937.80","2,944.95","2,943.20","2,950.91","35,04,146","10,34,04,31,852.20","1,52,022","21,51,384",61.4
RELIANCE,EQ,04-Apr-24,"2,943.20","2,959.50","2,959.50","2,900.00","2,931.00","2,925.85","2,924.41","72,45,136","21,18,77,69,929.50","3,05,593","21,79,244",30.08
RELIANCE,EQ,05-Apr-24,"2,925.85","2,921.75","2,941.60","2,912.00","2,925.95","2,920.20","2,924.97","37,21,149","10,88,42,50,027.90","1,38,742","18,92,949",50.87
RELIANCE,EQ,08-Apr-24,"2,920.20","2,925.95","2,981.95","2,922.00","2,970.00","2,971.95","2,967.76","41,78,559","12,40,09,63,621.65","1,44,054","22,78,607",54.53
RELIANCE,EQ,09-Apr-24,"2,971.95","2,978.00","2,979.60","2,925.00","2,931.90","2,927.30","2,942.09","35,35,707","10,40,23,78,582.00","1,66,238","23,46,545",66.37
RELIANCE,EQ,10-Apr-24,"2,927.30","2,932.70","2,974.00","2,932.70","2,955.00","2,959.15","2,956.51","45,69,165","13,50,87,81,489.15","2,47,782","26,35,664",57.68
RELIANCE,EQ,12-Apr-24,"2,959.15","2,951.75","2,972.95","2,926.15","2,937.15","2,934.30","2,950.89","77,75,506","22,94,46,47,360.80","3,18,190","38,29,205",49.25
RELIANCE,EQ,15-Apr-24,"2,934.30","2,922.00","2,964.25","2,892.65","2,931.00","2,929.65","2,937.49","64,51,031","18,94,98,08,687.30","2,78,625","37,81,784",58.62
RELIANCE,EQ,16-Apr-24,"2,929.65","2,906.70","2,942.35","2,901.85","2,936.50","2,931.50","2,922.76","46,83,092","13,68,75,64,159.45","2,02,013","29,26,710",62.5
RELIANCE,EQ,18-Apr-24,"2,931.50","2,927.00","2,972.00","2,918.70","2,925.00","2,928.65","2,940.33","95,02,846","27,94,15,31,144.35","2,92,105","49,22,394",51.8
RELIANCE,EQ,19-Apr-24,"2,928.65","2,913.55","2,948.00","2,886.05","2,943.05","2,940.25","2,922.72","78,70,889","23,00,43,85,019.15","2,57,506","39,77,520",50.53
RELIANCE,EQ,22-Apr-24,"2,940.25","2,944.90","2,965.65","2,935.60","2,962.90","2,959.70","2,950.88","51,75,181","15,27,13,48,793.50","1,63,758","31,78,709",61.42
RELIANCE,EQ,23-Apr-24,"2,959.70","2,958.00","2,987.00","2,911.10","2,919.50","2,918.65","2,944.51","73,02,777","21,50,31,28,837.35","3,39,439","37,61,791",51.51
RELIANCE,EQ,24-Apr-24,"2,918.65","2,927.00","2,937.10","2,899.00","2,901.45","2,900.35","2,917.88","52,31,388","15,26,45,81,699.05","1,86,848","34,66,158",66.26
RELIANCE,EQ,25-Apr-24,"2,900.35","2,885.00","2,935.95","2,883.00","2,917.70","2,919.95","2,914.62","79,71,963","23,23,52,72,655.30","2,36,911","36,42,640",45.69
